<?xml version="1.0" encoding="UTF-8"?>
<beans xmlns="http://www.springframework.org/schema/beans"
	xmlns:xsi="http://www.w3.org/2001/XMLSchema-instance"
	xsi:schemaLocation="http://www.springframework.org/schema/beans
        http://www.springframework.org/schema/beans/spring-beans.xsd">

	<!-- 配置JMS连接工厂 -->
	<bean id="connectionFactory" class="org.apache.activemq.ActiveMQConnectionFactory">
		<property name="brokerURL" value="${activemq_url}" />
		<property name="useAsyncSend" value="true" />
		<property name="alwaysSessionAsync" value="false" />
	</bean>
	
	<bean id="pooledConnectionFactory" class="org.apache.activemq.pool.PooledConnectionFactory">  
    <property name="connectionFactory" ref="connectionFactory"/>  
    <property name="maxConnections" value="2"/>  
    </bean> 
    
	<!-- 定义消息队列（Queue） -->
	<bean id="rechargeQueueDestination" class="org.apache.activemq.command.ActiveMQQueue">
		<!-- 设置消息队列的名字 -->
		<constructor-arg>
			<value>${queue_recharge_clear}</value>
		</constructor-arg>
	</bean>
	
	<bean id="consumeQueueDestination" class="org.apache.activemq.command.ActiveMQQueue">
		<!-- 设置消息队列的名字 -->
		<constructor-arg>
			<value>${queue_subway_consume_clear}</value>
		</constructor-arg>
	</bean>
	
	<!-- 消息队列监听者（Queue） -->
	<bean id="rechargeQueueMessageListener" class="com.mifpay.collect.activemq.RechargeMessageListener" />
	
	<bean id="consumeQueueMessageListener" class="com.mifpay.collect.activemq.ConsumeMessageListener" />
	
	<!-- 消息监听容器（Queue） -->
	<bean id="rechargeJmsContainer"
		class="org.springframework.jms.listener.DefaultMessageListenerContainer">
		<property name="connectionFactory" ref="pooledConnectionFactory" />
		<property name="destination" ref="rechargeQueueDestination" />
		<property name="messageListener" ref="rechargeQueueMessageListener" />
		<property name="sessionAcknowledgeMode" value="2"/>
		<property name="sessionTransacted" value="true"/>
		<property name="concurrentConsumers" value="${recharge_consumers}"/>
	</bean>	
	
	<bean id="consumeJmsContainer"
		class="org.springframework.jms.listener.DefaultMessageListenerContainer">
		<property name="connectionFactory" ref="pooledConnectionFactory" />
		<property name="destination" ref="consumeQueueDestination" />
		<property name="messageListener" ref="consumeQueueMessageListener" />
		<property name="sessionAcknowledgeMode" value="2"/>
		<property name="sessionTransacted" value="true"/>
		<property name="concurrentConsumers" value="${trade_consumers}"/>
	</bean>	

</beans>	
	