<?xml version="1.0" encoding="UTF-8"?>
<configuration debug="true">
	<!-- 应用名称 -->
	<property name="app-name" value="collect-service" />

	<!-- 输出上下文名称(cn) -->
	<contextName>${app-name}</contextName>

	<!-- 日志输出格式 -->
	<property name="pattern" value="%d{yyyy-MM-dd  HH:mm:ss.SSS} [%thread] %-5level %logger - %msg%n" />
	
	<!--日志文件的保存路径,首先查找系统属性-Dlog.dir,如果存在就使用其；否则，在当前目录下创建名为logs目录做日志存放的目录 ${log.dir:-logs}/${APP_NAME} -->
	<property name="log-home" value="logs" />

	<!-- 控制台日志：输出全部日志到控制台 -->
	<appender name="stdout" class="ch.qos.logback.core.ConsoleAppender">
		<encoder class="ch.qos.logback.classic.encoder.PatternLayoutEncoder">
			<pattern>${pattern}</pattern>
		</encoder>
	</appender>
	
	<!-- 文件日志：输出全部日志到文件 -->
	<appender name="roll-file" class="ch.qos.logback.core.rolling.RollingFileAppender">
		<file>${log-home}/${app-name}.log</file>
		<rollingPolicy class="ch.qos.logback.core.rolling.TimeBasedRollingPolicy">
			<fileNamePattern>${log-home}/${app-name}.%d{yyyyMMdd}.log</fileNamePattern>
			<maxHistory>14</maxHistory>
		</rollingPolicy>
		<encoder class="ch.qos.logback.classic.encoder.PatternLayoutEncoder">
			<pattern>${pattern}</pattern>
		</encoder>
	</appender>

	<logger name="com.mifpay" level="info" />
	<!-- <logger name="org.springframework.jdbc.datasource" level="debug" /> -->

	<root level="info">
		<appender-ref ref="stdout" />
        <appender-ref ref="roll-file" />
	</root>
</configuration>