<?xml version="1.0" encoding="UTF-8"?>
<beans xmlns="http://www.springframework.org/schema/beans"
	xmlns:xsi="http://www.w3.org/2001/XMLSchema-instance" xmlns:p="http://www.springframework.org/schema/p"
	xmlns:context="http://www.springframework.org/schema/context"
	xmlns:mvc="http://www.springframework.org/schema/mvc"
	xsi:schemaLocation="http://www.springframework.org/schema/beans  
                        http://www.springframework.org/schema/beans/spring-beans-3.2.xsd  
                        http://www.springframework.org/schema/context  
                        http://www.springframework.org/schema/context/spring-context-3.2.xsd  
                        http://www.springframework.org/schema/mvc  
                        http://www.springframework.org/schema/mvc/spring-mvc-3.2.xsd">
                        
                        
    <bean
		class="org.springframework.beans.factory.config.PropertyPlaceholderConfigurer">
		<property name="systemPropertiesModeName" value="SYSTEM_PROPERTIES_MODE_OVERRIDE" />
		<property name="locations">
			<list>
				<value>classpath:mysql.properties</value>
				<value>classpath:activemq.properties</value>
			</list>
		</property>
	</bean>
	
	<!-- 自动扫描 -->
	<context:component-scan base-package="com.mifpay.collect.service" />
	
	<bean id="springBeans" class="com.mifpay.util.SpringBeans" />
	
	<!-- ActiveMQ配置 -->
	<import resource="activemq.xml"/>
	
</beans>