<?xml version="1.0" encoding="UTF-8"?>
<beans xmlns="http://www.springframework.org/schema/beans"
	xmlns:xsi="http://www.w3.org/2001/XMLSchema-instance" xmlns:p="http://www.springframework.org/schema/p"
	xmlns:context="http://www.springframework.org/schema/context"
	xmlns:mvc="http://www.springframework.org/schema/mvc" xmlns:tx="http://www.springframework.org/schema/tx"
	xmlns:aop="http://www.springframework.org/schema/aop"
	xsi:schemaLocation="http://www.springframework.org/schema/beans  
                        http://www.springframework.org/schema/beans/spring-beans-3.2.xsd  
                        http://www.springframework.org/schema/context  
                        http://www.springframework.org/schema/context/spring-context-3.2.xsd  
                        http://www.springframework.org/schema/mvc  
                        http://www.springframework.org/schema/mvc/spring-mvc-3.2.xsd
                        http://www.springframework.org/schema/aop 
                        http://www.springframework.org/schema/aop/spring-aop-3.2.xsd
                        http://www.springframework.org/schema/tx 
                        http://www.springframework.org/schema/tx/spring-tx-3.2.xsd">

	<bean id="dataSource" class="com.alibaba.druid.pool.DruidDataSource"
		init-method="init" destroy-method="close">
		<property name="driverClassName" value="${mysql_driver}" />
		<property name="url" value="${mysql_url}" />
		<property name="username" value="${mysql_username}" />
		<property name="password" value="${mysql_password}" />
		<!-- 初始化连接大小 -->
		<property name="initialSize" value="${mysql_initial_size}"></property>
		<!-- 连接池最大数量 -->
		<property name="maxActive" value="${mysql_max_active}"></property>
		<!-- 连接池最大空闲 -->
	<!-- <property name="maxIdle" value="${mysql_max_idle}"></property> -->
		<!-- 连接池最小空闲 -->
		<property name="minIdle" value="${mysql_min_idle}"></property>
		<!-- 获取连接最大等待时间 -->
		<property name="maxWait" value="${mysql_max_wait}"></property>

		<!-- 配置监控统计拦截的filters -->
		<property name="filters" value="stat,slf4j" />
	</bean>

	<!-- spring和MyBatis完美整合，不需要mybatis的配置映射文件 -->
	<bean id="sqlSessionFactory" class="org.mybatis.spring.SqlSessionFactoryBean">
		<property name="dataSource" ref="dataSource" />
		<!-- 自动扫描mapping.xml文件 -->
		<property name="mapperLocations" value="classpath:mybatis/mapper/*.xml"></property>
		<property name="typeAliasesPackage" value="com.mifpay.collect.bo" /> 
	</bean>

	<!-- DAO接口所在包名，Spring会自动查找其下的类 -->
	<bean class="org.mybatis.spring.mapper.MapperScannerConfigurer">
		<property name="basePackage" value="com.mifpay.collect.dao" />
		<property name="sqlSessionFactoryBeanName" value="sqlSessionFactory"></property>
	</bean>

	<!-- 事务管理器 -->
	<bean id="txManager"
		class="org.springframework.jdbc.datasource.DataSourceTransactionManager">
		<property name="dataSource" ref="dataSource" />
	</bean>

	<tx:annotation-driven transaction-manager="txManager" />

</beans>