<?xml version="1.0" encoding="UTF-8" ?>
<!DOCTYPE mapper PUBLIC "-//mybatis.org//DTD Mapper 3.0//EN" "http://mybatis.org/dtd/mybatis-3-mapper.dtd" >
<mapper namespace="com.mifpay.collect.dao.IRechargeDetailDao" >
  <insert id="insertSelective" parameterType="com.mifpay.collect.bo.RechargeDetail" >
    insert into recharge_detail
    <trim prefix="(" suffix=")" suffixOverrides="," >
      <if test="detailId != null" >
        detail_id,
      </if>
      <if test="orderId != null" >
        order_id,
      </if>
      <if test="tradeName != null" >
        trade_name,
      </if>
      <if test="tradeType != null" >
        trade_type,
      </if>
      <if test="userId != null" >
        user_id,
      </if>
      <if test="userName != null" >
        user_name,
      </if>
      <if test="intoAccount != null" >
        into_account,
      </if>
      <if test="partnerCode != null" >
        partner_code,
      </if>
      <if test="partnerName != null" >
        partner_name,
      </if>
      <if test="paymentType != null" >
        payment_type,
      </if>
      <if test="rechargeFrom != null" >
        recharge_from,
      </if>
      <if test="payerAccount != null" >
        payer_account,
      </if>
      <if test="channelCode != null" >
        channel_code,
      </if>
      <if test="channelName != null" >
        channel_name,
      </if>
      <if test="tradeSn != null" >
        trade_sn,
      </if>
      <if test="payerSn != null" >
        payer_sn,
      </if>
      <if test="tradeStatus != null" >
        trade_status,
      </if>
      <if test="tradeAmount != null" >
        trade_amount,
      </if>
      <if test="orderRebate != null" >
        order_rebate,
      </if>
      <if test="realAmount != null" >
        real_amount,
      </if>
      <if test="balance != null" >
        balance,
      </if>
      <if test="tradeTime != null" >
        trade_time,
      </if>
      <if test="bankTradeTime != null" >
        bank_trade_time,
      </if>
      <if test="createTime != null" >
        create_time,
      </if>
      <if test="mobile != null" >
        mobile,
      </if>
      <if test="rechargeVoucher != null" >
        recharge_voucher,
      </if>
      <if test="securityVersion != null" >
        security_version,
      </if>
      <if test="checkStatus != null" >
        check_status,
      </if>
      <if test="liquidateStatus != null" >
        liquidate_status,
      </if>
      <if test="updateTime != null" >
        update_time,
      </if>
    </trim>
    <trim prefix="values (" suffix=")" suffixOverrides="," >
      <if test="detailId != null" >
        #{detailId,jdbcType=INTEGER},
      </if>
      <if test="orderId != null" >
        #{orderId,jdbcType=BIGINT},
      </if>
      <if test="tradeName != null" >
        #{tradeName,jdbcType=VARCHAR},
      </if>
      <if test="tradeType != null" >
        #{tradeType,jdbcType=CHAR},
      </if>
      <if test="userId != null" >
        #{userId,jdbcType=BIGINT},
      </if>
      <if test="userName != null" >
        #{userName,jdbcType=VARCHAR},
      </if>
      <if test="intoAccount != null" >
        #{intoAccount,jdbcType=VARCHAR},
      </if>
      <if test="partnerCode != null" >
        #{partnerCode,jdbcType=CHAR},
      </if>
      <if test="partnerName != null" >
        #{partnerName,jdbcType=VARCHAR},
      </if>
      <if test="paymentType != null" >
        #{paymentType,jdbcType=CHAR},
      </if>
      <if test="rechargeFrom != null" >
        #{rechargeFrom,jdbcType=CHAR},
      </if>
      <if test="payerAccount != null" >
        #{payerAccount,jdbcType=VARCHAR},
      </if>
      <if test="channelCode != null" >
        #{channelCode,jdbcType=CHAR},
      </if>
      <if test="channelName != null" >
        #{channelName,jdbcType=VARCHAR},
      </if>
      <if test="tradeSn != null" >
        #{tradeSn,jdbcType=VARCHAR},
      </if>
      <if test="payerSn != null" >
        #{payerSn,jdbcType=VARCHAR},
      </if>
      <if test="tradeStatus != null" >
        #{tradeStatus,jdbcType=CHAR},
      </if>
      <if test="tradeAmount != null" >
        #{tradeAmount,jdbcType=DECIMAL},
      </if>
      <if test="orderRebate != null" >
        #{orderRebate,jdbcType=DECIMAL},
      </if>
      <if test="realAmount != null" >
        #{realAmount,jdbcType=DECIMAL},
      </if>
      <if test="balance != null" >
        #{balance,jdbcType=DECIMAL},
      </if>
      <if test="tradeTime != null" >
        #{tradeTime,jdbcType=TIMESTAMP},
      </if>
      <if test="bankTradeTime != null" >
        #{bankTradeTime,jdbcType=TIMESTAMP},
      </if>
      <if test="createTime != null" >
        #{createTime,jdbcType=TIMESTAMP},
      </if>
      <if test="mobile != null" >
        #{mobile,jdbcType=CHAR},
      </if>
      <if test="rechargeVoucher != null" >
        #{rechargeVoucher,jdbcType=VARCHAR},
      </if>
      <if test="securityVersion != null" >
        #{securityVersion,jdbcType=CHAR},
      </if>
      <if test="checkStatus != null" >
        #{checkStatus,jdbcType=INTEGER},
      </if>
      <if test="liquidateStatus != null" >
        #{liquidateStatus,jdbcType=INTEGER},
      </if>
      <if test="updateTime != null" >
        #{updateTime,jdbcType=TIMESTAMP},
      </if>
    </trim>
  </insert>
</mapper>