<?xml version="1.0" encoding="UTF-8" ?>
<!DOCTYPE mapper PUBLIC "-//mybatis.org//DTD Mapper 3.0//EN" "http://mybatis.org/dtd/mybatis-3-mapper.dtd" >
<mapper namespace="com.mifpay.collect.dao.ISubwayConsumeDetailDao" >
  <insert id="insertSelective" parameterType="com.mifpay.collect.bo.SubwayConsumeDetail" >
    insert into subway_consume_detail
    <trim prefix="(" suffix=")" suffixOverrides="," >
      <if test="detailId != null" >
        detail_id,
      </if>
      <if test="tradeType != null" >
        trade_type,
      </if>
      <if test="tradeSn != null" >
        trade_sn,
      </if>
      <if test="tradeName != null" >
        trade_name,
      </if>
      <if test="userId != null" >
        user_id,
      </if>
      <if test="userName != null" >
        user_name,
      </if>
      <if test="mobile != null" >
        mobile,
      </if>
      <if test="entryTime != null" >
        entry_time,
      </if>
      <if test="entryPos != null" >
        entry_pos,
      </if>
      <if test="entryStationCode != null" >
        entry_station_code,
      </if>
      <if test="entryName != null" >
        entry_name,
      </if>
      <if test="exitStationCode != null" >
        exit_station_code,
      </if>
      <if test="exportName != null" >
        export_name,
      </if>
      <if test="tradeTime != null" >
        trade_time,
      </if>
      <if test="tradeDate != null" >
        trade_date,
      </if>
      <if test="paymentType != null" >
        payment_type,
      </if>
      <if test="payerAccount != null" >
        payer_account,
      </if>
      <if test="partnerCode != null" >
        partner_code,
      </if>
      <if test="partnerName != null" >
        partner_name,
      </if>
      <if test="merchantCode != null" >
        merchant_code,
      </if>
      <if test="merchantName != null" >
        merchant_name,
      </if>
      <if test="exitPos != null" >
        exit_pos,
      </if>
      <if test="tradeAmount != null" >
        trade_amount,
      </if>
      <if test="tradeStatus != null" >
        trade_status,
      </if>
      <if test="realAmount != null" >
        real_amount,
      </if>
      <if test="fee != null" >
        fee,
      </if>
      <if test="balance != null" >
        balance,
      </if>
      <if test="createTime != null" >
        create_time,
      </if>
      <if test="tradeVoucher != null" >
        trade_voucher,
      </if>
      <if test="securityVersion != null" >
        security_version,
      </if>
      <if test="checkStatus != null" >
        check_status,
      </if>
      <if test="liquidateStatus != null" >
        liquidate_status,
      </if>
      <if test="updateTime != null" >
        update_time,
      </if>
    </trim>
    <trim prefix="values (" suffix=")" suffixOverrides="," >
      <if test="detailId != null" >
        #{detailId,jdbcType=INTEGER},
      </if>
      <if test="tradeType != null" >
        #{tradeType,jdbcType=CHAR},
      </if>
      <if test="tradeSn != null" >
        #{tradeSn,jdbcType=VARCHAR},
      </if>
      <if test="tradeName != null" >
        #{tradeName,jdbcType=VARCHAR},
      </if>
      <if test="userId != null" >
        #{userId,jdbcType=BIGINT},
      </if>
      <if test="userName != null" >
        #{userName,jdbcType=VARCHAR},
      </if>
      <if test="mobile != null" >
        #{mobile,jdbcType=CHAR},
      </if>
      <if test="entryTime != null" >
        #{entryTime,jdbcType=TIMESTAMP},
      </if>
      <if test="entryPos != null" >
        #{entryPos,jdbcType=VARCHAR},
      </if>
      <if test="entryStationCode != null" >
        #{entryStationCode,jdbcType=VARCHAR},
      </if>
      <if test="entryName != null" >
        #{entryName,jdbcType=VARCHAR},
      </if>
      <if test="exitStationCode != null" >
        #{exitStationCode,jdbcType=VARCHAR},
      </if>
      <if test="exportName != null" >
        #{exportName,jdbcType=VARCHAR},
      </if>
      <if test="tradeTime != null" >
        #{tradeTime,jdbcType=TIMESTAMP},
      </if>
      <if test="tradeDate != null" >
        #{tradeDate,jdbcType=INTEGER},
      </if>
      <if test="paymentType != null" >
        #{paymentType,jdbcType=CHAR},
      </if>
      <if test="payerAccount != null" >
        #{payerAccount,jdbcType=VARCHAR},
      </if>
      <if test="partnerCode != null" >
        #{partnerCode,jdbcType=CHAR},
      </if>
      <if test="partnerName != null" >
        #{partnerName,jdbcType=VARCHAR},
      </if>
      <if test="merchantCode != null" >
        #{merchantCode,jdbcType=CHAR},
      </if>
      <if test="merchantName != null" >
        #{merchantName,jdbcType=VARCHAR},
      </if>
      <if test="exitPos != null" >
        #{exitPos,jdbcType=VARCHAR},
      </if>
      <if test="tradeAmount != null" >
        #{tradeAmount,jdbcType=DECIMAL},
      </if>
      <if test="tradeStatus != null" >
        #{tradeStatus,jdbcType=CHAR},
      </if>
      <if test="realAmount != null" >
        #{realAmount,jdbcType=DECIMAL},
      </if>
      <if test="fee != null" >
        #{fee,jdbcType=DECIMAL},
      </if>
      <if test="balance != null" >
        #{balance,jdbcType=DECIMAL},
      </if>
      <if test="createTime != null" >
        #{createTime,jdbcType=TIMESTAMP},
      </if>
      <if test="tradeVoucher != null" >
        #{tradeVoucher,jdbcType=VARCHAR},
      </if>
      <if test="securityVersion != null" >
        #{securityVersion,jdbcType=CHAR},
      </if>
      <if test="checkStatus != null" >
        #{checkStatus,jdbcType=INTEGER},
      </if>
      <if test="liquidateStatus != null" >
        #{liquidateStatus,jdbcType=INTEGER},
      </if>
      <if test="updateTime != null" >
        #{updateTime,jdbcType=TIMESTAMP},
      </if>
    </trim>
  </insert>
</mapper>